Workbook

Sheet Instructions
A1: Executive KPI Reporting Template
A2: Built by Cindy Sheil C. — Operations & Executive Support Strategist
A5: HOW TO USE THIS WORKBOOK
A6: 1. Go to the 'Data Input' tab. Enter your monthly figures only in the BLUE cells.
A7: 2. The 'KPI Dashboard' tab calculates achievement %, variance, and DSO automatically — do not edit formula cells (black text).
A8: 3. One example month is already filled in on 'Data Input' as a reference — replace it with your real data.
A9: 4. Add new months by inserting a row and copying the formulas down on the Dashboard tab.
A11: WHAT'S INCLUDED
A12: - Revenue: Target vs Actual vs % Achievement
A13: - Collections: Days Sales Outstanding (DSO) Target vs Actual
A14: - Variance tracking with automatic flagging
A16: This template reflects the KPI and revenue-recognition reporting structure used in
A17: revenue cycle management, financial administration, and executive reporting roles.

Sheet Data Input
A1: Month | B1: Revenue Target ($) | C1: Revenue Actual ($) | D1: Total Receivables ($) | E1: Credit Sales ($) | F1: DSO Target (days)
A2: Jan-2026 | B2: 500000 | C2: 475000 | D2: 380000 | E2: 1900000 | F2: 45
A9: Blue cells = your inputs. Enter one row per month.

Sheet KPI Dashboard
A1: Month | B1: Revenue Target ($) | C1: Revenue Actual ($) | D1: Achievement (%) | E1: Variance ($) | F1: DSO Target (days) | G1: DSO Actual (days) | H1: DSO Status
A2: ='Data Input'!A2 -> Jan-2026 | B2: ='Data Input'!B2 -> 500000 | C2: ='Data Input'!C2 -> 475000 | D2: =IFERROR(C2/B2,0) -> 0.95 | E2: =C2-B2 -> -25000 | F2: ='Data Input'!F2 -> 45 | G2: =IFERROR(('Data Input'!D2/'Data Input'!E2)*365,0) -> 73 | H2: =IF(G2<=F2,"On Target","Above Target") -> Above Target
A3: ='Data Input'!A3 -> 0 | B3: ='Data Input'!B3 -> 0 | C3: ='Data Input'!C3 -> 0 | D3: =IFERROR(C3/B3,0) -> 0 | E3: =C3-B3 -> 0 | F3: ='Data Input'!F3 -> 0 | G3: =IFERROR(('Data Input'!D3/'Data Input'!E3)*365,0) -> 0 | H3: =IF(G3<=F3,"On Target","Above Target") -> On Target
A4: ='Data Input'!A4 -> 0 | B4: ='Data Input'!B4 -> 0 | C4: ='Data Input'!C4 -> 0 | D4: =IFERROR(C4/B4,0) -> 0 | E4: =C4-B4 -> 0 | F4: ='Data Input'!F4 -> 0 | G4: =IFERROR(('Data Input'!D4/'Data Input'!E4)*365,0) -> 0 | H4: =IF(G4<=F4,"On Target","Above Target") -> On Target
A5: ='Data Input'!A5 -> 0 | B5: ='Data Input'!B5 -> 0 | C5: ='Data Input'!C5 -> 0 | D5: =IFERROR(C5/B5,0) -> 0 | E5: =C5-B5 -> 0 | F5: ='Data Input'!F5 -> 0 | G5: =IFERROR(('Data Input'!D5/'Data Input'!E5)*365,0) -> 0 | H5: =IF(G5<=F5,"On Target","Above Target") -> On Target
A6: ='Data Input'!A6 -> 0 | B6: ='Data Input'!B6 -> 0 | C6: ='Data Input'!C6 -> 0 | D6: =IFERROR(C6/B6,0) -> 0 | E6: =C6-B6 -> 0 | F6: ='Data Input'!F6 -> 0 | G6: =IFERROR(('Data Input'!D6/'Data Input'!E6)*365,0) -> 0 | H6: =IF(G6<=F6,"On Target","Above Target") -> On Target
A7: ='Data Input'!A7 -> 0 | B7: ='Data Input'!B7 -> 0 | C7: ='Data Input'!C7 -> 0 | D7: =IFERROR(C7/B7,0) -> 0 | E7: =C7-B7 -> 0 | F7: ='Data Input'!F7 -> 0 | G7: =IFERROR(('Data Input'!D7/'Data Input'!E7)*365,0) -> 0 | H7: =IF(G7<=F7,"On Target","Above Target") -> On Target
A9: Average | D9: =IFERROR(AVERAGE(D2:D8),0) -> 0.15833333 | G9: =IFERROR(AVERAGE(G2:G8),0) -> 12.166667
